tag,step,value
loss,0,0.693023681640625
loss,47,0.69354248046875
loss,95,0.692474365234375
loss,142,0.6939697265625
loss,190,0.69244384765625
loss,238,0.6927490234375
loss,285,0.691925048828125
loss,333,0.692413330078125
loss,380,0.69317626953125
loss,428,0.69256591796875
loss,476,0.693267822265625
loss,523,0.6915283203125
loss,571,0.69476318359375
loss,619,0.690643310546875
loss,666,0.692596435546875
loss,714,0.690704345703125
loss,761,0.694915771484375
loss,809,0.69219970703125
loss,857,0.68878173828125
loss,904,0.687652587890625
loss,952,0.691699206829071
loss,1000,0.6907958984375
loss,1047,0.695220947265625
loss,1095,0.689300537109375
loss,1142,0.69781494140625
loss,1190,0.6856689453125
loss,1238,0.687103271484375
loss,1285,0.681243896484375
loss,1333,0.687713623046875
loss,1380,0.693023681640625
loss,1428,0.6888427734375
loss,1476,0.693115234375
loss,1523,0.68621826171875
loss,1571,0.6982421875
loss,1619,0.682952880859375
loss,1666,0.690826416015625
loss,1714,0.684478759765625
loss,1761,0.69879150390625
loss,1809,0.689788818359375
loss,1857,0.67962646484375
loss,1904,0.6771240234375
loss,1952,0.6864258050918579
loss,2000,0.6876220703125
loss,2047,0.697998046875
loss,2095,0.68267822265625
loss,2142,0.705474853515625
loss,2190,0.67364501953125
loss,2238,0.678680419921875
loss,2285,0.664215087890625
loss,2333,0.68072509765625
loss,2380,0.693267822265625
loss,2428,0.682952880859375
loss,2476,0.69354248046875
loss,2523,0.677459716796875
loss,2571,0.7049560546875
loss,2619,0.670654296875
loss,2666,0.688446044921875
loss,2714,0.674468994140625
loss,2761,0.705810546875
loss,2809,0.685943603515625
loss,2857,0.665252685546875
loss,2904,0.660675048828125
loss,2952,0.678417980670929
loss,3000,0.683319091796875
loss,3047,0.70294189453125
loss,3095,0.672760009765625
loss,3142,0.717926025390625
loss,3190,0.656158447265625
loss,3238,0.66668701171875
loss,3285,0.639739990234375
loss,3333,0.671630859375
loss,3380,0.69427490234375
loss,3428,0.675079345703125
loss,3476,0.694488525390625
loss,3523,0.665924072265625
loss,3571,0.71502685546875
loss,3619,0.654998779296875
loss,3666,0.686248779296875
loss,3714,0.662078857421875
loss,3761,0.714996337890625
loss,3809,0.681732177734375
loss,3857,0.6488037109375
loss,3904,0.641357421875
loss,3952,0.6675781011581421
loss,4000,0.67901611328125
loss,4047,0.70843505859375
loss,4095,0.661468505859375
loss,4142,0.731597900390625
loss,4190,0.63861083984375
loss,4238,0.654876708984375
loss,4285,0.615997314453125
loss,4333,0.66253662109375
loss,4380,0.69488525390625
loss,4428,0.666290283203125
loss,4476,0.6949462890625
loss,4523,0.653839111328125
loss,4571,0.723846435546875
loss,4619,0.64208984375
loss,4666,0.685302734375
loss,4714,0.651611328125
loss,4761,0.721649169921875
loss,4809,0.677642822265625
loss,4857,0.636016845703125
loss,4904,0.624237060546875
loss,4952,0.6532226800918579
loss,5000,0.673858642578125
loss,5047,0.7095947265625
loss,5095,0.64886474609375
loss,5142,0.73907470703125
loss,5190,0.624420166015625
loss,5238,0.6456298828125
loss,5285,0.599395751953125
loss,5333,0.65289306640625
loss,5380,0.692230224609375
loss,5428,0.654296875
loss,5476,0.693511962890625
loss,5523,0.64166259765625
loss,5571,0.7274169921875
loss,5619,0.633392333984375
loss,5666,0.684234619140625
loss,5714,0.643218994140625
loss,5761,0.723297119140625
loss,5809,0.67144775390625
loss,5857,0.625518798828125
loss,5904,0.609344482421875
loss,5952,0.632519543170929
loss,6000,0.667144775390625
loss,6047,0.704803466796875
loss,6095,0.63287353515625
loss,6142,0.739654541015625
loss,6190,0.611236572265625
loss,6238,0.637451171875
loss,6285,0.586273193359375
loss,6333,0.64117431640625
loss,6380,0.686065673828125
loss,6428,0.6385955810546875
loss,6476,0.69024658203125
loss,6523,0.628875732421875
loss,6571,0.7278900146484375
loss,6619,0.62457275390625
loss,6666,0.681243896484375
loss,6714,0.63446044921875
loss,6761,0.72222900390625
loss,6809,0.661041259765625
loss,6857,0.613128662109375
loss,6904,0.5942230224609375
loss,6952,0.603271484375
loss,7000,0.658233642578125
loss,7047,0.6959991455078125
loss,7095,0.6145782470703125
loss,7142,0.736114501953125
loss,7190,0.5972442626953125
loss,7238,0.6279144287109375
loss,7285,0.5714874267578125
loss,7333,0.6266021728515625
loss,7380,0.6774139404296875
loss,7428,0.6207122802734375
loss,7476,0.6852569580078125
loss,7523,0.6163330078125
loss,7571,0.7257843017578125
loss,7619,0.61279296875
loss,7666,0.6755218505859375
loss,7714,0.6245880126953125
loss,7761,0.716888427734375
loss,7809,0.6460723876953125
loss,7857,0.5987701416015625
loss,7904,0.5795440673828125
loss,7952,0.584765613079071
loss,8000,0.646331787109375
loss,8047,0.6826324462890625
loss,8095,0.5916748046875
loss,8142,0.7293548583984375
loss,8190,0.580810546875
loss,8238,0.616668701171875
loss,8285,0.55462646484375
loss,8333,0.6053314208984375
loss,8380,0.6643524169921875
loss,8428,0.598876953125
loss,8476,0.67828369140625
loss,8523,0.6011810302734375
loss,8571,0.7189483642578125
loss,8619,0.596649169921875
loss,8666,0.6678009033203125
loss,8714,0.6106109619140625
loss,8761,0.708740234375
loss,8809,0.6187286376953125
loss,8857,0.57452392578125
loss,8904,0.5619659423828125
loss,8952,0.537109375
loss,9000,0.62799072265625
loss,9047,0.6604156494140625
loss,9095,0.56341552734375
loss,9142,0.71734619140625
loss,9190,0.5607452392578125
loss,9238,0.6026458740234375
loss,9285,0.5312957763671875
loss,9333,0.5768890380859375
loss,9380,0.645782470703125
loss,9428,0.5739288330078125
loss,9476,0.6688690185546875
loss,9523,0.5832977294921875
loss,9571,0.7053985595703125
loss,9619,0.5769500732421875
loss,9666,0.6558380126953125
loss,9714,0.5918121337890625
loss,9761,0.692657470703125
loss,9809,0.581298828125
loss,9857,0.5416717529296875
loss,9904,0.540679931640625
loss,9952,0.4884277284145355
loss,10000,0.603851318359375
loss,10047,0.6240081787109375
loss,10095,0.5303497314453125
loss,10142,0.6971435546875
loss,10190,0.53533935546875
loss,10238,0.58258056640625
loss,10285,0.4962921142578125
loss,10333,0.5374908447265625
loss,10380,0.6195068359375
loss,10428,0.5450286865234375
loss,10476,0.653594970703125
loss,10523,0.5616912841796875
loss,10571,0.6830291748046875
loss,10619,0.5527191162109375
loss,10666,0.6326904296875
loss,10714,0.56610107421875
loss,10761,0.6638641357421875
loss,10809,0.533660888671875
loss,10857,0.504302978515625
loss,10904,0.5118408203125
loss,10952,0.4400878846645355
loss,11000,0.57476806640625
loss,11047,0.5792236328125
loss,11095,0.4884490966796875
loss,11142,0.66412353515625
loss,11190,0.50140380859375
loss,11238,0.5547637939453125
loss,11285,0.4573211669921875
loss,11333,0.482696533203125
loss,11380,0.5825958251953125
loss,11428,0.50390625
loss,11476,0.625
loss,11523,0.5259857177734375
loss,11571,0.64794921875
loss,11619,0.526214599609375
loss,11666,0.60076904296875
loss,11714,0.5333709716796875
loss,11761,0.6134490966796875
loss,11809,0.4797821044921875
loss,11857,0.4622650146484375
loss,11904,0.4720611572265625
loss,11952,0.3897460997104645
loss,12000,0.541168212890625
loss,12047,0.52191162109375
loss,12095,0.431884765625
loss,12142,0.6131591796875
loss,12190,0.4618988037109375
loss,12238,0.515045166015625
loss,12285,0.41064453125
loss,12333,0.4261322021484375
loss,12380,0.5327911376953125
loss,12428,0.4598846435546875
loss,12476,0.57769775390625
loss,12523,0.48834228515625
loss,12571,0.608642578125
loss,12619,0.4800262451171875
loss,12666,0.567626953125
loss,12714,0.482421875
loss,12761,0.545318603515625
loss,12809,0.41937255859375
loss,12857,0.4151763916015625
loss,12904,0.4254913330078125
loss,12952,0.34208983182907104
loss,13000,0.5043792724609375
loss,13047,0.450592041015625
loss,13095,0.3730010986328125
loss,13142,0.5335235595703125
loss,13190,0.411376953125
loss,13238,0.469268798828125
loss,13285,0.3682861328125
loss,13333,0.3731536865234375
loss,13380,0.4610137939453125
loss,13428,0.4147491455078125
loss,13476,0.52203369140625
loss,13523,0.443634033203125
loss,13571,0.564239501953125
loss,13619,0.4283599853515625
loss,13666,0.531158447265625
loss,13714,0.4330291748046875
loss,13761,0.459716796875
loss,13809,0.3570709228515625
loss,13857,0.3660125732421875
loss,13904,0.374969482421875
loss,13952,0.2960449159145355
loss,14000,0.45806884765625
loss,14047,0.389373779296875
loss,14095,0.321685791015625
loss,14142,0.462860107421875
loss,14190,0.3502349853515625
loss,14238,0.4134521484375
loss,14285,0.32177734375
loss,14333,0.3228912353515625
loss,14380,0.391265869140625
loss,14428,0.368865966796875
loss,14476,0.4522857666015625
loss,14523,0.3918304443359375
loss,14571,0.5176467895507812
loss,14619,0.37494659423828125
loss,14666,0.4774017333984375
loss,14714,0.37628936767578125
loss,14761,0.3755645751953125
loss,14809,0.298126220703125
loss,14857,0.317840576171875
loss,14904,0.321624755859375
loss,14952,0.2557128965854645
loss,15000,0.405975341796875
loss,15047,0.33199310302734375
loss,15095,0.27407073974609375
loss,15142,0.4045867919921875
loss,15190,0.29552459716796875
loss,15238,0.3432464599609375
loss,15285,0.2757720947265625
loss,15333,0.26844024658203125
loss,15380,0.33971405029296875
loss,15428,0.314727783203125
loss,15476,0.3785247802734375
loss,15523,0.34698486328125
loss,15571,0.453155517578125
loss,15619,0.29013824462890625
loss,15666,0.42330169677734375
loss,15714,0.29956817626953125
loss,15761,0.29520416259765625
loss,15809,0.252716064453125
loss,15857,0.2772216796875
loss,15904,0.26143646240234375
loss,15952,0.21987304091453552
loss,16000,0.333038330078125
loss,16047,0.2785797119140625
loss,16095,0.23664093017578125
loss,16142,0.36206817626953125
loss,16190,0.24573516845703125
loss,16238,0.2447052001953125
loss,16285,0.22972869873046875
loss,16333,0.22827911376953125
loss,16380,0.2862091064453125
loss,16428,0.2600250244140625
loss,16476,0.30072784423828125
loss,16523,0.30699920654296875
loss,16571,0.37575531005859375
loss,16619,0.22151947021484375
loss,16666,0.32996368408203125
loss,16714,0.2510223388671875
loss,16761,0.24295806884765625
loss,16809,0.2239990234375
loss,16857,0.24356842041015625
loss,16904,0.217071533203125
loss,16952,0.19636230170726776
loss,17000,0.2643280029296875
loss,17047,0.23566436767578125
loss,17095,0.209075927734375
loss,17142,0.3287506103515625
loss,17190,0.20890045166015625
loss,17238,0.20096588134765625
loss,17285,0.1965484619140625
loss,17333,0.1954193115234375
loss,17380,0.2171173095703125
loss,17428,0.21750640869140625
loss,17476,0.223663330078125
loss,17523,0.26442718505859375
loss,17571,0.3175201416015625
loss,17619,0.184783935546875
loss,17666,0.236175537109375
loss,17714,0.2086029052734375
loss,17761,0.2097625732421875
loss,17809,0.183074951171875
loss,17857,0.1869659423828125
loss,17904,0.17608642578125
loss,17952,0.16984863579273224
loss,18000,0.2088165283203125
loss,18047,0.1962127685546875
loss,18095,0.1730499267578125
loss,18142,0.3062896728515625
loss,18190,0.17638397216796875
loss,18238,0.17171478271484375
loss,18285,0.167022705078125
loss,18333,0.1667633056640625
loss,18380,0.1783599853515625
loss,18428,0.1828765869140625
loss,18476,0.18486785888671875
loss,18523,0.21198272705078125
loss,18571,0.27231597900390625
loss,18619,0.15966796875
loss,18666,0.184478759765625
loss,18714,0.180145263671875
loss,18761,0.18848419189453125
loss,18809,0.15990447998046875
loss,18857,0.1642608642578125
loss,18904,0.15302276611328125
loss,18952,0.14399413764476776
loss,19000,0.17093658447265625
loss,19047,0.168243408203125
loss,19095,0.161865234375
loss,19142,0.28740692138671875
loss,19190,0.1533966064453125
loss,19238,0.15272140502929688
loss,19285,0.15308380126953125
loss,19333,0.1455230712890625
loss,19380,0.15219879150390625
loss,19428,0.15938949584960938
loss,19476,0.15892791748046875
loss,19523,0.15402603149414062
loss,19571,0.26216888427734375
loss,19619,0.13885116577148438
loss,19666,0.15899276733398438
loss,19714,0.15597152709960938
loss,19761,0.1591796875
loss,19809,0.13812637329101562
loss,19857,0.13871002197265625
loss,19904,0.1322784423828125
loss,19952,0.12744140625
loss,20000,0.15315628051757812
loss,20047,0.14761734008789062
loss,20095,0.13490676879882812
loss,20142,0.2745170593261719
loss,20190,0.13428878784179688
loss,20238,0.13090133666992188
loss,20285,0.12765121459960938
loss,20333,0.12944793701171875
loss,20380,0.13650131225585938
loss,20428,0.140533447265625
loss,20476,0.13884353637695312
loss,20523,0.1384124755859375
loss,20571,0.1525115966796875
loss,20619,0.12530517578125
loss,20666,0.19436264038085938
loss,20714,0.14122390747070312
loss,20761,0.133636474609375
loss,20809,0.12614059448242188
loss,20857,0.13109588623046875
loss,20904,0.12147140502929688
loss,20952,0.11423339694738388
loss,21000,0.13013076782226562
loss,21047,0.1300201416015625
loss,21095,0.12042236328125
loss,21142,0.2615203857421875
loss,21190,0.12324905395507812
loss,21238,0.12029266357421875
loss,21285,0.11414337158203125
loss,21333,0.11752700805664062
loss,21380,0.119598388671875
loss,21428,0.12723922729492188
loss,21476,0.12250900268554688
loss,21523,0.12000656127929688
loss,21571,0.11963653564453125
loss,21619,0.1116485595703125
loss,21666,0.1919403076171875
loss,21714,0.12245559692382812
loss,21761,0.12680435180664062
loss,21809,0.11164474487304688
loss,21857,0.11077880859375
loss,21904,0.10891342163085938
loss,21952,0.10498046875
loss,22000,0.17375564575195312
loss,22047,0.12294769287109375
loss,22095,0.10961532592773438
loss,22142,0.270721435546875
loss,22190,0.11074447631835938
loss,22238,0.1061553955078125
loss,22285,0.10245132446289062
loss,22333,0.10446548461914062
loss,22380,0.1134185791015625
loss,22428,0.11431884765625
loss,22476,0.11823272705078125
loss,22523,0.11691665649414062
loss,22571,0.10961151123046875
loss,22619,0.1361236572265625
loss,22666,0.11516952514648438
loss,22714,0.11126708984375
loss,22761,0.1197509765625
loss,22809,0.102386474609375
loss,22857,0.10549163818359375
loss,22904,0.1009979248046875
loss,22952,0.09487304836511612
loss,23000,0.10712432861328125
loss,23047,0.10796737670898438
loss,23095,0.0992584228515625
loss,23142,0.2576255798339844
loss,23190,0.09847640991210938
loss,23238,0.0985565185546875
loss,23285,0.09455490112304688
loss,23333,0.10097885131835938
loss,23380,0.10109329223632812
loss,23428,0.10401535034179688
loss,23476,0.10710525512695312
loss,23523,0.09875106811523438
loss,23571,0.10604095458984375
loss,23619,0.09496307373046875
loss,23666,0.10594940185546875
loss,23714,0.11228179931640625
loss,23761,0.10120773315429688
loss,23809,0.09479522705078125
loss,23857,0.09511184692382812
loss,23904,0.09235763549804688
loss,23952,0.08675537258386612
loss,24000,0.09732818603515625
loss,24047,0.09900665283203125
loss,24095,0.09154510498046875
loss,24142,0.24810409545898438
loss,24190,0.09194183349609375
loss,24238,0.09117889404296875
loss,24285,0.088623046875
loss,24333,0.09133529663085938
loss,24380,0.09149932861328125
loss,24428,0.09504318237304688
loss,24476,0.0956268310546875
loss,24523,0.09366607666015625
loss,24571,0.09308242797851562
loss,24619,0.0873565673828125
loss,24666,0.09268951416015625
loss,24714,0.09261322021484375
loss,24761,0.09268569946289062
loss,24809,0.08791351318359375
loss,24857,0.08895492553710938
loss,24904,0.08523178100585938
loss,24952,0.08100585639476776
loss,25000,0.0890655517578125
loss,25047,0.09149932861328125
loss,25095,0.08462142944335938
loss,25142,0.24401092529296875
loss,25190,0.0852813720703125
loss,25238,0.08412551879882812
loss,25285,0.08169174194335938
loss,25333,0.08373260498046875
loss,25380,0.08526229858398438
loss,25428,0.08803558349609375
loss,25476,0.0883026123046875
loss,25523,0.08536911010742188
loss,25571,0.08666229248046875
loss,25619,0.08089828491210938
loss,25666,0.085662841796875
loss,25714,0.0859222412109375
loss,25761,0.0865478515625
loss,25809,0.081573486328125
loss,25857,0.08204269409179688
loss,25904,0.07929229736328125
loss,25952,0.07581786811351776
loss,26000,0.08310317993164062
loss,26047,0.08524703979492188
loss,26095,0.07903289794921875
loss,26142,0.24134445190429688
loss,26190,0.07970046997070312
loss,26238,0.07863235473632812
loss,26285,0.07630538940429688
loss,26333,0.078094482421875
loss,26380,0.07973480224609375
loss,26428,0.08237075805664062
loss,26476,0.08238983154296875
loss,26523,0.07963180541992188
loss,26571,0.08095932006835938
loss,26619,0.07585525512695312
loss,26666,0.08006668090820312
loss,26714,0.08053207397460938
loss,26761,0.08081817626953125
loss,26809,0.07651519775390625
loss,26857,0.07693862915039062
loss,26904,0.07444000244140625
loss,26952,0.07132568210363388
loss,27000,0.07786941528320312
loss,27047,0.07989120483398438
loss,27095,0.0743865966796875
loss,27142,0.2384033203125
loss,27190,0.07503128051757812
loss,27238,0.07407760620117188
loss,27285,0.07191848754882812
loss,27333,0.073455810546875
loss,27380,0.07490158081054688
loss,27428,0.077423095703125
loss,27476,0.0773773193359375
loss,27523,0.07497787475585938
loss,27571,0.07595062255859375
loss,27619,0.07159423828125
loss,27666,0.07535552978515625
loss,27714,0.07590866088867188
loss,27761,0.07583236694335938
loss,27809,0.07222366333007812
loss,27857,0.07258987426757812
loss,27904,0.0703277587890625
loss,27952,0.06740722805261612
loss,28000,0.07342147827148438
loss,28047,0.0753631591796875
loss,28095,0.07041549682617188
loss,28142,0.23553085327148438
loss,28190,0.07102584838867188
loss,28238,0.07013511657714844
loss,28285,0.06810379028320312
loss,28333,0.0695037841796875
loss,28380,0.07079505920410156
loss,28428,0.07312393188476562
loss,28476,0.07311248779296875
loss,28523,0.07094192504882812
loss,28571,0.0717315673828125
loss,28619,0.06790542602539062
loss,28666,0.0712432861328125
loss,28714,0.07187652587890625
loss,28761,0.07159423828125
loss,28809,0.06852149963378906
loss,28857,0.06887435913085938
loss,28904,0.06675529479980469
loss,28952,0.06403808295726776
loss,29000,0.069580078125
loss,29047,0.07138824462890625
loss,29095,0.06694221496582031
loss,29142,0.2326831817626953
loss,29190,0.06753730773925781
loss,29238,0.06673049926757812
loss,29285,0.06480979919433594
loss,29333,0.06608009338378906
loss,29380,0.06720352172851562
loss,29428,0.0694580078125
loss,29476,0.06939506530761719
loss,29523,0.06744575500488281
loss,29571,0.06809043884277344
loss,29619,0.06465721130371094
loss,29666,0.06772232055664062
loss,29714,0.06837272644042969
loss,29761,0.06789779663085938
loss,29809,0.06528282165527344
loss,29857,0.065643310546875
loss,29904,0.06364631652832031
loss,29952,0.06110229343175888
loss,30000,0.06623077392578125
loss,30047,0.06799888610839844
loss,30095,0.0639190673828125
loss,30142,0.2292499542236328
loss,30190,0.06447410583496094
loss,30238,0.06373977661132812
loss,30285,0.06194305419921875
loss,30333,0.06314849853515625
loss,30380,0.064056396484375
loss,30428,0.0662384033203125
loss,30476,0.066192626953125
loss,30523,0.06448554992675781
loss,30571,0.06487464904785156
loss,30619,0.0618896484375
loss,30666,0.06464576721191406
loss,30714,0.06532859802246094
loss,30761,0.06464004516601562
loss,30809,0.06250190734863281
loss,30857,0.06287765502929688
loss,30904,0.06095314025878906
loss,30952,0.05849609524011612
loss,31000,0.06329536437988281
loss,31047,0.06500625610351562
loss,31095,0.061328887939453125
loss,31142,0.22346878051757812
loss,31190,0.06182289123535156
loss,31238,0.06115913391113281
loss,31285,0.059444427490234375
loss,31333,0.06063652038574219
loss,31380,0.06126594543457031
loss,31428,0.06345748901367188
loss,31476,0.06338310241699219
loss,31523,0.06194114685058594
loss,31571,0.06204414367675781
loss,31619,0.059482574462890625
loss,31666,0.06198692321777344
loss,31714,0.06272125244140625
loss,31761,0.06175804138183594
loss,31809,0.06005668640136719
loss,31857,0.06060218811035156
loss,31904,0.05858421325683594
loss,31952,0.05619506910443306
loss,32000,0.060695648193359375
loss,32047,0.06233787536621094
loss,32095,0.059108734130859375
loss,32142,0.20696640014648438
loss,32190,0.05958366394042969
loss,32238,0.05908966064453125
loss,32285,0.0574493408203125
loss,32333,0.05870819091796875
loss,32380,0.0587158203125
loss,32428,0.06110382080078125
loss,32476,0.06097984313964844
loss,32523,0.060283660888671875
loss,32571,0.05956840515136719
loss,32619,0.057674407958984375
loss,32666,0.06057548522949219
loss,32714,0.06081390380859375
loss,32761,0.059085845947265625
loss,32809,0.05831718444824219
loss,32857,0.059360504150390625
loss,32904,0.0568389892578125
loss,32952,0.05419921875
loss,33000,0.05840110778808594
loss,33047,0.06014442443847656
loss,33095,0.05771446228027344
loss,33142,0.08535385131835938
loss,33190,0.05782508850097656
loss,33238,0.057586669921875
loss,33285,0.055553436279296875
loss,33333,0.056976318359375
loss,33380,0.05650901794433594
loss,33428,0.058895111083984375
loss,33476,0.058757781982421875
loss,33523,0.058074951171875
loss,33571,0.057331085205078125
loss,33619,0.05564689636230469
loss,33666,0.057788848876953125
loss,33714,0.0585174560546875
loss,33761,0.05687522888183594
loss,33809,0.05620765686035156
loss,33857,0.057209014892578125
loss,33904,0.05483436584472656
loss,33952,0.0523681640625
loss,34000,0.0562744140625
loss,34047,0.05786705017089844
loss,34095,0.05573463439941406
loss,34142,0.06872940063476562
loss,34190,0.0557098388671875
loss,34238,0.05540657043457031
loss,34285,0.0533447265625
loss,34333,0.05478096008300781
loss,34380,0.05458641052246094
loss,34428,0.056797027587890625
loss,34476,0.05665779113769531
loss,34523,0.05546379089355469
loss,34571,0.05537605285644531
loss,34619,0.053493499755859375
loss,34666,0.05525398254394531
loss,34714,0.05604743957519531
loss,34761,0.05500221252441406
loss,34809,0.054046630859375
loss,34857,0.05461883544921875
loss,34904,0.05275726318359375
loss,34952,0.050689697265625
loss,35000,0.05437660217285156
loss,35047,0.0558929443359375
loss,35095,0.05354118347167969
loss,35142,0.06487274169921875
loss,35190,0.05365562438964844
loss,35238,0.05330657958984375
loss,35285,0.05140876770019531
loss,35333,0.052814483642578125
loss,35380,0.05291175842285156
loss,35428,0.054958343505859375
loss,35476,0.05485343933105469
loss,35523,0.05344390869140625
loss,35571,0.05365753173828125
loss,35619,0.05168914794921875
loss,35666,0.053394317626953125
loss,35714,0.05412483215332031
loss,35761,0.05327796936035156
loss,35809,0.052295684814453125
loss,35857,0.052700042724609375
loss,35904,0.051059722900390625
loss,35952,0.04915771633386612
loss,36000,0.05270195007324219
loss,36047,0.05414009094238281
loss,36095,0.05182838439941406
loss,36142,0.06168556213378906
loss,36190,0.05197715759277344
loss,36238,0.051654815673828125
loss,36285,0.04982566833496094
loss,36333,0.05116844177246094
loss,36380,0.05133056640625
loss,36428,0.053314208984375
loss,36476,0.05320167541503906
loss,36523,0.05179023742675781
loss,36571,0.05207633972167969
loss,36619,0.05016517639160156
loss,36666,0.05174827575683594
loss,36714,0.05253028869628906
loss,36761,0.0516815185546875
loss,36809,0.05074501037597656
loss,36857,0.05112457275390625
loss,36904,0.04958915710449219
loss,36952,0.04780273512005806
loss,37000,0.05117225646972656
loss,37047,0.052570343017578125
loss,37095,0.050334930419921875
loss,37142,0.05905914306640625
loss,37190,0.05052375793457031
loss,37238,0.05021476745605469
loss,37285,0.04842567443847656
loss,37333,0.04970359802246094
loss,37380,0.04989814758300781
loss,37428,0.05178642272949219
loss,37476,0.05171775817871094
loss,37523,0.05031585693359375
loss,37571,0.05062675476074219
loss,37619,0.04879570007324219
loss,37666,0.050312042236328125
loss,37714,0.051074981689453125
loss,37761,0.050243377685546875
loss,37809,0.049388885498046875
loss,37857,0.049724578857421875
loss,37904,0.048282623291015625
loss,37952,0.04658203199505806
loss,38000,0.04980659484863281
loss,38047,0.051181793212890625
loss,38095,0.04901123046875
loss,38142,0.05690574645996094
loss,38190,0.04920768737792969
loss,38238,0.048908233642578125
loss,38285,0.04717445373535156
loss,38333,0.048397064208984375
loss,38380,0.04861640930175781
loss,38428,0.05041313171386719
loss,38476,0.05038261413574219
loss,38523,0.04902839660644531
loss,38571,0.04931831359863281
loss,38619,0.047557830810546875
loss,38666,0.049015045166015625
loss,38714,0.04979896545410156
loss,38761,0.04894828796386719
loss,38809,0.048152923583984375
loss,38857,0.04846954345703125
loss,38904,0.04707908630371094
loss,38952,0.04545288160443306
loss,39000,0.048557281494140625
loss,39047,0.04991340637207031
loss,39095,0.047809600830078125
loss,39142,0.05509757995605469
loss,39190,0.04801750183105469
loss,39238,0.04773521423339844
loss,39285,0.04604148864746094
loss,39333,0.04720878601074219
loss,39380,0.04746818542480469
loss,39428,0.04918479919433594
loss,39476,0.049163818359375
loss,39523,0.047847747802734375
loss,39571,0.0481414794921875
loss,39619,0.04643821716308594
loss,39666,0.04785346984863281
loss,39714,0.04860877990722656
loss,39761,0.04778480529785156
loss,39809,0.04705047607421875
loss,39857,0.04733085632324219
loss,39904,0.04602622985839844
loss,39952,0.04444580152630806
loss,40000,0.04745674133300781
loss,40047,0.048755645751953125
loss,40095,0.04672813415527344
loss,40142,0.053524017333984375
loss,40190,0.046916961669921875
loss,40238,0.04665374755859375
loss,40285,0.045013427734375
loss,40333,0.04614830017089844
loss,40380,0.046417236328125
loss,40428,0.04806327819824219
loss,40476,0.048053741455078125
loss,40523,0.046779632568359375
loss,40571,0.047069549560546875
loss,40619,0.045429229736328125
loss,40666,0.0467987060546875
loss,40714,0.04753684997558594
loss,40761,0.04673957824707031
loss,40809,0.04603004455566406
loss,40857,0.046295166015625
loss,40904,0.0450286865234375
loss,40952,0.04351196438074112
loss,41000,0.046443939208984375
loss,41047,0.047718048095703125
loss,41095,0.04574012756347656
loss,41142,0.052158355712890625
loss,41190,0.04592323303222656
loss,41238,0.04567909240722656
loss,41285,0.04409027099609375
loss,41333,0.04518890380859375
loss,41380,0.045459747314453125
loss,41428,0.04706573486328125
loss,41476,0.04705619812011719
loss,41523,0.04578971862792969
loss,41571,0.046112060546875
loss,41619,0.044513702392578125
loss,41666,0.045825958251953125
loss,41714,0.046566009521484375
loss,41761,0.04576683044433594
loss,41809,0.04511070251464844
loss,41857,0.045352935791015625
loss,41904,0.044139862060546875
loss,41952,0.04267578199505806
loss,42000,0.045513153076171875
loss,42047,0.046764373779296875
loss,42095,0.04482460021972656
loss,42142,0.050933837890625
loss,42190,0.04501533508300781
loss,42238,0.04479789733886719
loss,42285,0.04323005676269531
loss,42333,0.04430580139160156
loss,42380,0.04456901550292969
loss,42428,0.046112060546875
loss,42476,0.04614830017089844
loss,42523,0.04491615295410156
loss,42571,0.04522132873535156
loss,42619,0.043659210205078125
loss,42666,0.04493141174316406
loss,42714,0.04568290710449219
loss,42761,0.04490089416503906
loss,42809,0.04425239562988281
loss,42857,0.044498443603515625
loss,42904,0.0433197021484375
loss,42952,0.041900634765625
loss,43000,0.044651031494140625
loss,43047,0.0458831787109375
loss,43095,0.0439910888671875
loss,43142,0.049808502197265625
loss,43190,0.044185638427734375
loss,43238,0.043975830078125
loss,43285,0.04245185852050781
loss,43333,0.04347991943359375
loss,43380,0.043758392333984375
loss,43428,0.045253753662109375
loss,43476,0.045307159423828125
loss,43523,0.044086456298828125
loss,43571,0.04439735412597656
loss,43619,0.0428924560546875
loss,43666,0.044116973876953125
loss,43714,0.04486274719238281
loss,43761,0.04406547546386719
loss,43809,0.0434722900390625
loss,43857,0.04368400573730469
loss,43904,0.042560577392578125
loss,43952,0.04117431491613388
loss,44000,0.04386329650878906
loss,44047,0.04507255554199219
loss,44095,0.043224334716796875
loss,44142,0.04878997802734375
loss,44190,0.04341697692871094
loss,44238,0.04322242736816406
loss,44285,0.04172325134277344
loss,44333,0.0427398681640625
loss,44380,0.04301261901855469
loss,44428,0.0444488525390625
loss,44476,0.044525146484375
loss,44523,0.0433349609375
loss,44571,0.04363822937011719
loss,44619,0.04217338562011719
loss,44666,0.04335212707519531
loss,44714,0.04409980773925781
loss,44761,0.04329872131347656
loss,44809,0.0427398681640625
loss,44857,0.04297637939453125
loss,44904,0.04186058044433594
loss,44952,0.04049072414636612
loss,45000,0.043109893798828125
loss,45047,0.04431343078613281
loss,45095,0.04250335693359375
loss,45142,0.0478515625
loss,45190,0.042713165283203125
loss,45238,0.04252815246582031
loss,45285,0.04104804992675781
loss,45333,0.04203987121582031
loss,45380,0.04229736328125
loss,45428,0.04370307922363281
loss,45476,0.04377555847167969
loss,45523,0.042633056640625
loss,45571,0.04290199279785156
loss,45619,0.04148674011230469
loss,45666,0.042659759521484375
loss,45714,0.04338645935058594
loss,45761,0.04258918762207031
loss,45809,0.04206085205078125
loss,45857,0.04227447509765625
loss,45904,0.04119682312011719
loss,45952,0.03986816480755806
loss,46000,0.0424346923828125
loss,46047,0.04360198974609375
loss,46095,0.04183197021484375
loss,46142,0.046993255615234375
loss,46190,0.04203033447265625
loss,46238,0.041858673095703125
loss,46285,0.04041099548339844
loss,46333,0.04136466979980469
loss,46380,0.04165077209472656
loss,46428,0.04302024841308594
loss,46476,0.04308891296386719
loss,46523,0.04195976257324219
loss,46571,0.04222679138183594
loss,46619,0.04084587097167969
loss,46666,0.041988372802734375
loss,46714,0.04270362854003906
loss,46761,0.04192161560058594
loss,46809,0.041416168212890625
loss,46857,0.041622161865234375
loss,46904,0.04058265686035156
loss,46952,0.03927002102136612
loss,47000,0.041790008544921875
loss,47047,0.04293060302734375
loss,47095,0.04119873046875
loss,47142,0.046192169189453125
loss,47190,0.04139900207519531
loss,47238,0.04122734069824219
loss,47285,0.039813995361328125
loss,47333,0.04075050354003906
loss,47380,0.04102897644042969
loss,47428,0.0423583984375
loss,47476,0.04244422912597656
loss,47523,0.04133415222167969
loss,47571,0.041591644287109375
loss,47619,0.04024505615234375
loss,47666,0.04134941101074219
loss,47714,0.042049407958984375
loss,47761,0.04129600524902344
loss,47809,0.04080009460449219
loss,47857,0.04098701477050781
loss,47904,0.03997993469238281
loss,47952,0.03870239108800888
loss,48000,0.041156768798828125
loss,48047,0.04229927062988281
loss,48095,0.040584564208984375
loss,48142,0.04541778564453125
loss,48190,0.040790557861328125
loss,48238,0.04060935974121094
loss,48285,0.03923225402832031
loss,48333,0.0401458740234375
loss,48380,0.040424346923828125
loss,48428,0.04170989990234375
loss,48476,0.041812896728515625
loss,48523,0.04073143005371094
loss,48571,0.04098320007324219
loss,48619,0.039653778076171875
loss,48666,0.04073333740234375
loss,48714,0.04143333435058594
loss,48761,0.040683746337890625
loss,48809,0.04020118713378906
loss,48857,0.04039764404296875
loss,48904,0.03941535949707031
loss,48952,0.03815918043255806
loss,49000,0.040569305419921875
loss,49047,0.04167747497558594
loss,49095,0.040004730224609375
loss,49142,0.04468345642089844
loss,49190,0.040191650390625
loss,49238,0.04002189636230469
loss,49285,0.03867340087890625
loss,49333,0.039569854736328125
loss,49380,0.03983497619628906
loss,49428,0.04110527038574219
loss,49476,0.041202545166015625
loss,49523,0.04013633728027344
loss,49571,0.040386199951171875
loss,49619,0.03908729553222656
loss,49666,0.04015541076660156
loss,49714,0.04083251953125
loss,49761,0.04009437561035156
loss,49809,0.03962898254394531
loss,49857,0.03981971740722656
loss,49904,0.03884696960449219
loss,49952,0.03762207180261612
lr,0,6.24999984211172e-06
lr,47,6.249988473427948e-06
lr,95,6.2499530031345785e-06
lr,142,6.249894340726314e-06
lr,190,6.249812031455804e-06
lr,238,6.249706075323047e-06
lr,285,6.249576927075395e-06
lr,333,6.2494241319654975e-06
lr,380,6.2492481447407044e-06
lr,428,6.249048510653665e-06
lr,476,6.24882522970438e-06
lr,523,6.248578301892849e-06
lr,571,6.248308181966422e-06
lr,619,6.2480144151777495e-06
lr,666,6.247697456274182e-06
lr,714,6.247356850508368e-06
lr,761,6.246992597880308e-06
lr,809,6.246605153137352e-06
lr,857,6.246194061532151e-06
lr,904,6.245759777812054e-06
lr,952,6.245301392482361e-06
lr,1000,6.244820269785123e-06
lr,1047,6.244315500225639e-06
lr,1095,6.243787083803909e-06
lr,1142,6.243235020519933e-06
lr,1190,6.242659765121061e-06
lr,1238,6.242061317607295e-06
lr,1285,6.241439223231282e-06
lr,1333,6.240793936740374e-06
lr,1380,6.24012500338722e-06
lr,1428,6.23943242317182e-06
lr,1476,6.238716650841525e-06
lr,1523,6.237977686396334e-06
lr,1571,6.237215075088898e-06
lr,1619,6.236429271666566e-06
lr,1666,6.235619821381988e-06
lr,1714,6.234787178982515e-06
lr,1761,6.2339313444681466e-06
lr,1809,6.233051863091532e-06
lr,1857,6.2321491896000225e-06
lr,1904,6.231223323993618e-06
lr,1952,6.230273811524967e-06
lr,2000,6.229301106941421e-06
lr,2047,6.228305210242979e-06
lr,2095,6.227285666682292e-06
lr,2142,6.226242931006709e-06
lr,2190,6.225177003216231e-06
lr,2238,6.224087883310858e-06
lr,2285,6.22297557129059e-06
lr,2333,6.221840067155426e-06
lr,2380,6.220680916158017e-06
lr,2428,6.219498573045712e-06
lr,2476,6.218293492565863e-06
lr,2523,6.217064765223768e-06
lr,2571,6.215812845766777e-06
lr,2619,6.2145377341948915e-06
lr,2666,6.213239430508111e-06
lr,2714,6.2119183894537855e-06
lr,2761,6.210573701537214e-06
lr,2809,6.209205821505748e-06
lr,2857,6.207815204106737e-06
lr,2904,6.206401394592831e-06
lr,2952,6.20496439296403e-06
lr,3000,6.203504199220333e-06
lr,3047,6.202020813361742e-06
lr,3095,6.200514690135606e-06
lr,3142,6.1989853747945745e-06
lr,3190,6.197432867338648e-06
lr,3238,6.1958571677678265e-06
lr,3285,6.1942587308294605e-06
lr,3333,6.19263755652355e-06
lr,3380,6.190993190102745e-06
lr,3428,6.189325631567044e-06
lr,3476,6.187635335663799e-06
lr,3523,6.185921847645659e-06
lr,3571,6.1841856222599745e-06
lr,3619,6.182426659506746e-06
lr,3666,6.180644504638622e-06
lr,3714,6.178839612402953e-06
lr,3761,6.1770119827997405e-06
lr,3809,6.175161161081633e-06
lr,3857,6.173288056743331e-06
lr,3904,6.171391760290135e-06
lr,3952,6.169472726469394e-06
lr,4000,6.167530955281109e-06
lr,4047,6.165565991977928e-06
lr,4095,6.163578746054554e-06
lr,4142,6.161568762763636e-06
lr,4190,6.159536042105174e-06
lr,4238,6.157480584079167e-06
lr,4285,6.155402388685616e-06
lr,4333,6.153301910671871e-06
lr,4380,6.151178240543231e-06
lr,4428,6.149032287794398e-06
lr,4476,6.146863597678021e-06
lr,4523,6.14467262494145e-06
lr,4571,6.142458914837334e-06
lr,4619,6.140222467365675e-06
lr,4666,6.137963737273822e-06
lr,4714,6.135682269814424e-06
lr,4761,6.133378519734833e-06
lr,4809,6.131052487035049e-06
lr,4857,6.1287037169677205e-06
lr,4904,6.1263326642801985e-06
lr,4952,6.123939328972483e-06
lr,5000,6.121523256297223e-06
lr,5047,6.119085355749121e-06
lr,5095,6.116624717833474e-06
lr,5142,6.114141797297634e-06
lr,5190,6.111636594141601e-06
lr,5238,6.1091095631127246e-06
lr,5285,6.106559794716304e-06
lr,5333,6.103988198447041e-06
lr,5380,6.101393864810234e-06
lr,5428,6.098777703300584e-06
lr,5476,6.096139259170741e-06
lr,5523,6.093478987168055e-06
lr,5571,6.090796432545176e-06
lr,5619,6.088092050049454e-06
lr,5666,6.085365384933539e-06
lr,5714,6.08261643719743e-06
lr,5761,6.079845661588479e-06
lr,5809,6.077053058106685e-06
lr,5857,6.074238626752049e-06
lr,5904,6.071401912777219e-06
lr,5952,6.068543370929547e-06
lr,6000,6.065663455956383e-06
lr,6047,6.062761258363025e-06
lr,6095,6.059837232896825e-06
lr,6142,6.056891379557783e-06
lr,6190,6.053923698345898e-06
lr,6238,6.050934644008521e-06
lr,6285,6.047923307050951e-06
lr,6333,6.044890596967889e-06
lr,6380,6.0418365137593355e-06
lr,6428,6.0387606026779395e-06
lr,6476,6.035662863723701e-06
lr,6523,6.032543751643971e-06
lr,6571,6.029402811691398e-06
lr,6619,6.026240498613333e-06
lr,6666,6.023056812409777e-06
lr,6714,6.019851753080729e-06
lr,6761,6.016624865878839e-06
lr,6809,6.013377060298808e-06
lr,6857,6.010107426845934e-06
lr,6904,6.006816420267569e-06
lr,6952,6.003504495311063e-06
lr,7000,6.000171197229065e-06
lr,7047,5.9968165260215756e-06
lr,7095,5.9934404816885944e-06
lr,7142,5.990043064230122e-06
lr,7190,5.986625183140859e-06
lr,7238,5.983185474178754e-06
lr,7285,5.979724846838508e-06
lr,7333,5.976243301120121e-06
lr,7380,5.9727408370235935e-06
lr,7428,5.969216999801574e-06
lr,7476,5.965672244201414e-06
lr,7523,5.9621065702231135e-06
lr,7571,5.958519977866672e-06
lr,7619,5.9549129218794405e-06
lr,7666,5.9512844927667174e-06
lr,7714,5.9476351452758536e-06
lr,7761,5.9439653341542e-06
lr,7809,5.940274604654405e-06
lr,7857,5.936563411523821e-06
lr,7904,5.932831300015096e-06
lr,7952,5.92907827012823e-06
lr,8000,5.925305231357925e-06
lr,8047,5.921511274209479e-06
lr,8095,5.917696398682892e-06
lr,8142,5.913861514272867e-06
lr,8190,5.9100057114847004e-06
lr,8238,5.906129899813095e-06
lr,8285,5.9022336245107e-06
lr,8333,5.898316885577515e-06
lr,8380,5.89437968301354e-06
lr,8428,5.890422016818775e-06
lr,8476,5.886444341740571e-06
lr,8523,5.882446203031577e-06
lr,8571,5.878428055439144e-06
lr,8619,5.8743898989632726e-06
lr,8666,5.870331278856611e-06
lr,8714,5.86625264986651e-06
lr,8761,5.8621540119929705e-06
lr,8809,5.858035365235992e-06
lr,8857,5.853896254848223e-06
lr,8904,5.849738045071717e-06
lr,8952,5.845559371664422e-06
lr,9000,5.841360689373687e-06
lr,9047,5.837142452946864e-06
lr,9095,5.832904207636602e-06
lr,9142,5.828646408190252e-06
lr,9190,5.824369054607814e-06
lr,9238,5.820071692141937e-06
lr,9285,5.815754775539972e-06
lr,9333,5.8114183048019186e-06
lr,9380,5.807062279927777e-06
lr,9428,5.8026867009175476e-06
lr,9476,5.79829156777123e-06
lr,9523,5.793876880488824e-06
lr,9571,5.78944263907033e-06
lr,9619,5.784989298263099e-06
lr,9666,5.780516858067131e-06
lr,9714,5.776024863735074e-06
lr,9761,5.7715133152669296e-06
lr,9809,5.766983122157399e-06
lr,9857,5.7624333749117795e-06
lr,9904,5.757864528277423e-06
lr,9952,5.75327658225433e-06
lr,10000,5.748669536842499e-06
lr,10047,5.744043846789282e-06
lr,10095,5.739398602599977e-06
lr,10142,5.734734713769285e-06
lr,10190,5.730052180297207e-06
lr,10238,5.725350547436392e-06
lr,10285,5.7206302699341904e-06
lr,10333,5.715890893043252e-06
lr,10380,5.7111333262582775e-06
lr,10428,5.706356660084566e-06
lr,10476,5.701561349269468e-06
lr,10523,5.696747848560335e-06
lr,10571,5.691915248462465e-06
lr,10619,5.687064458470559e-06
lr,10666,5.682195478584617e-06
lr,10714,5.67730785405729e-06
lr,10761,5.672401584888576e-06
lr,10809,5.667477125825826e-06
lr,10857,5.662534476869041e-06
lr,10904,5.657573638018221e-06
lr,10952,5.652594609273365e-06
lr,11000,5.647597390634473e-06
lr,11047,5.642581982101547e-06
lr,11095,5.637548383674584e-06
lr,11142,5.6324970501009375e-06
lr,11190,5.627427526633255e-06
lr,11238,5.622340268018888e-06
lr,11285,5.617235274257837e-06
lr,11333,5.61211209060275e-06
lr,11380,5.6069711718009785e-06
lr,11428,5.6018125178525224e-06
lr,11476,5.596636128757382e-06
lr,11523,5.5914424592629075e-06
lr,11571,5.586231054621749e-06
lr,11619,5.581001914833905e-06
lr,11666,5.575755039899377e-06
lr,11714,5.5704908845655154e-06
lr,11761,5.56520944883232e-06
lr,11809,5.559910732699791e-06
lr,11857,5.554594736167928e-06
lr,11904,5.549261004489381e-06
lr,11952,5.543910447158851e-06
lr,12000,5.538542609428987e-06
lr,12047,5.533157491299789e-06
lr,12095,5.527755547518609e-06
lr,12142,5.522336323338095e-06
lr,12190,5.516900273505598e-06
lr,12238,5.511447398021119e-06
lr,12285,5.505977696884656e-06
lr,12333,5.50049071534886e-06
lr,12380,5.494987362908432e-06
lr,12428,5.4894671848160215e-06
lr,12476,5.483930181071628e-06
lr,12523,5.4783763516752515e-06
lr,12571,5.472806151374243e-06
lr,12619,5.467219580168603e-06
lr,12666,5.46161618331098e-06
lr,12714,5.455996415548725e-06
lr,12761,5.450360731629189e-06
lr,12809,5.44470822205767e-06
lr,12857,5.43903934158152e-06
lr,12904,5.433354544948088e-06
lr,12952,5.427653377410024e-06
lr,13000,5.42193629371468e-06
lr,13047,5.416202839114703e-06
lr,13095,5.410453468357446e-06
lr,13142,5.404688181442907e-06
lr,13190,5.3989069783710875e-06
lr,13238,5.393109404394636e-06
lr,13285,5.387296823755605e-06
lr,13333,5.3814678722119424e-06
lr,13380,5.37562345925835e-06
lr,13428,5.369763130147476e-06
lr,13476,5.363887339626672e-06
lr,13523,5.357996087695938e-06
lr,13571,5.352089374355273e-06
lr,13619,5.346166744857328e-06
lr,13666,5.3402291086968035e-06
lr,13714,5.334276011126349e-06
lr,13761,5.328307452145964e-06
lr,13809,5.322323886503e-06
lr,13857,5.3163253141974565e-06
lr,13904,5.310311280481983e-06
lr,13952,5.30428224010393e-06
lr,14000,5.298238193063298e-06
lr,14047,5.292178684612736e-06
lr,14095,5.2861050789942965e-06
lr,14142,5.280016011965927e-06
lr,14190,5.273912393022329e-06
lr,14238,5.267793767416151e-06
lr,14285,5.2616605898947455e-06
lr,14333,5.255512860458111e-06
lr,14380,5.249350579106249e-06
lr,14428,5.243173745839158e-06
lr,14476,5.236982360656839e-06
lr,14523,5.230776423559291e-06
lr,14571,5.224555934546515e-06
lr,14619,5.218321348365862e-06
lr,14666,5.212072665017331e-06
lr,14714,5.205809429753572e-06
lr,14761,5.199532552069286e-06
lr,14809,5.193241122469772e-06
lr,14857,5.186936050449731e-06
lr,14904,5.180616426514462e-06
lr,14952,5.174283160158666e-06
lr,15000,5.1679362513823435e-06
lr,15047,5.161575245438144e-06
lr,15095,5.155200597073417e-06
lr,15142,5.148812306288164e-06
lr,15190,5.1424103730823845e-06
lr,15238,5.135994797456078e-06
lr,15285,5.129565579409245e-06
lr,15333,5.123123173689237e-06
lr,15380,5.116667125548702e-06
lr,15428,5.110197889734991e-06
lr,15476,5.1037150115007535e-06
lr,15523,5.097219400340691e-06
lr,15571,5.090710146760102e-06
lr,15619,5.084188160253689e-06
lr,15666,5.077652986074099e-06
lr,15714,5.071104624221334e-06
lr,15761,5.064543529442744e-06
lr,15809,5.057969246990979e-06
lr,15857,5.051382231613388e-06
lr,15904,5.044782938057324e-06
lr,15952,5.038170456828084e-06
lr,16000,5.031545242673019e-06
lr,16047,5.02490775033948e-06
lr,16095,5.0182575250801165e-06
lr,16142,5.011595021642279e-06
lr,16190,5.0049197852786165e-06
lr,16238,4.998232725483831e-06
lr,16285,4.991532932763221e-06
lr,16333,4.9848208618641365e-06
lr,16380,4.978096967533929e-06
lr,16428,4.971360795025248e-06
lr,16476,4.964612344338093e-06
lr,16523,4.957852070219815e-06
lr,16571,4.9510799726704136e-06
lr,16619,4.944296051689889e-06
lr,16666,4.937499852530891e-06
lr,16714,4.930692284688121e-06
lr,16761,4.923872893414227e-06
lr,16809,4.917042133456562e-06
lr,16857,4.910199550067773e-06
lr,16904,4.903345597995212e-06
lr,16952,4.896480277238879e-06
lr,17000,4.889603587798774e-06
lr,17047,4.882715074927546e-06
lr,17095,4.875815648119897e-06
lr,17142,4.868905307375826e-06
lr,17190,4.861983597947983e-06
lr,17238,4.855050519836368e-06
lr,17285,4.848106982535683e-06
lr,17333,4.841152076551225e-06
lr,17380,4.834186256630346e-06
lr,17428,4.827209977520397e-06
lr,17476,4.820222784474026e-06
lr,17523,4.813224677491235e-06
lr,17571,4.8062161113193724e-06
lr,17619,4.79919708595844e-06
lr,17666,4.792167146661086e-06
lr,17714,4.785127202922013e-06
lr,17761,4.778076799993869e-06
lr,17809,4.771015937876655e-06
lr,17857,4.76394461657037e-06
lr,17904,4.756863745569717e-06
lr,17952,4.749771960632643e-06
lr,18000,4.7426706260012e-06
lr,18047,4.735559286928037e-06
lr,18095,4.728437943413155e-06
lr,18142,4.721306595456554e-06
lr,18190,4.714165243058233e-06
lr,18238,4.707014340965543e-06
lr,18285,4.699853889178485e-06
lr,18333,4.692683887697058e-06
lr,18380,4.685503881773911e-06
lr,18428,4.678314780903747e-06
lr,18476,4.671116130339215e-06
lr,18523,4.663907930080313e-06
lr,18571,4.656690634874394e-06
lr,18619,4.649464244721457e-06
lr,18666,4.642228304874152e-06
lr,18714,4.63498372482718e-06
lr,18761,4.627729595085839e-06
lr,18809,4.620466825144831e-06
lr,18857,4.613194960256806e-06
lr,18904,4.605914455169113e-06
lr,18952,4.598624855134403e-06
lr,19000,4.591327069647377e-06
lr,19047,4.584020189213334e-06
lr,19095,4.576704668579623e-06
lr,19142,4.569380962493597e-06
lr,19190,4.562048616207903e-06
lr,19238,4.554708084469894e-06
lr,19285,4.547358912532218e-06
lr,19333,4.540001555142226e-06
lr,19380,4.532636012299918e-06
lr,19428,4.5252627387526445e-06
lr,19476,4.5178808250057045e-06
lr,19523,4.5104911805537995e-06
lr,19571,4.503093805396929e-06
lr,19619,4.495688244787743e-06
lr,19666,4.488274953473592e-06
lr,19714,4.480853931454476e-06
lr,19761,4.473425178730395e-06
lr,19809,4.465989150048699e-06
lr,19857,4.458545390662039e-06
lr,19904,4.451094355317764e-06
lr,19952,4.443635589268524e-06
lr,20000,4.43616954726167e-06
lr,20047,4.428696229297202e-06
lr,20095,4.421216090122471e-06
lr,20142,4.413728674990125e-06
lr,20190,4.406233983900165e-06
lr,20238,4.398732471599942e-06
lr,20285,4.391223683342105e-06
lr,20333,4.383708528621355e-06
lr,20380,4.376186097942991e-06
lr,20428,4.368657300801715e-06
lr,20476,4.361121682450175e-06
lr,20523,4.353579697635723e-06
lr,20571,4.346031346358359e-06
lr,20619,4.338476173870731e-06
lr,20666,4.330914634920191e-06
lr,20714,4.3233467295067385e-06
lr,20761,4.3157724576303735e-06
lr,20809,4.308192274038447e-06
lr,20857,4.300606178730959e-06
lr,20904,4.293013716960559e-06
lr,20952,4.285415343474597e-06
lr,21000,4.277811058273073e-06
lr,21047,4.270200861355988e-06
lr,21095,4.262584752723342e-06
lr,21142,4.254963187122485e-06
lr,21190,4.247336164553417e-06
lr,21238,4.239703230268788e-06
lr,21285,4.232064839015948e-06
lr,21333,4.224420990794897e-06
lr,21380,4.216771685605636e-06
lr,21428,4.209117378195515e-06
lr,21476,4.201457613817183e-06
lr,21523,4.193792847217992e-06
lr,21571,4.186123078397941e-06
lr,21619,4.17844830735703e-06
lr,21666,4.1707680793479085e-06
lr,21714,4.163083303865278e-06
lr,21761,4.155393980909139e-06
lr,21809,4.14769965573214e-06
lr,21857,4.140000328334281e-06
lr,21904,4.1322969082102645e-06
lr,21952,4.124588485865388e-06
lr,22000,4.116875970794354e-06
lr,22047,4.10915890824981e-06
lr,22095,4.101437298231758e-06
lr,22142,4.093712050234899e-06
lr,22190,4.08598180001718e-06
lr,22238,4.078247911820654e-06
lr,22285,4.07050993089797e-06
lr,22333,4.062767857249128e-06
lr,22380,4.0550221456214786e-06
lr,22428,4.0472723412676714e-06
lr,22476,4.039518444187706e-06
lr,22523,4.031761363876285e-06
lr,22571,4.024000645586057e-06
lr,22619,4.01623583456967e-06
lr,22666,4.008467840321828e-06
lr,22714,4.000696662842529e-06
lr,22761,3.992921847384423e-06
lr,22809,3.985143848694861e-06
lr,22857,3.977362212026492e-06
lr,22904,3.969577846874017e-06
lr,22952,3.9617902984900866e-06
lr,23000,3.9539995668747e-06
lr,23047,3.9462061067752074e-06
lr,23095,3.93840991819161e-06
lr,23142,3.930610546376556e-06
lr,23190,3.922808900824748e-06
lr,23238,3.915004072041484e-06
lr,23285,3.907196969521465e-06
lr,23333,3.899387138517341e-06
lr,23380,3.891575033776462e-06
lr,23428,3.883760655298829e-06
lr,23476,3.875943548337091e-06
lr,23523,3.868124622385949e-06
lr,23571,3.860302967950702e-06
lr,23619,3.852479949273402e-06
lr,23666,3.844654202111997e-06
lr,23714,3.836827090708539e-06
lr,23761,3.828997705568327e-06
lr,23809,3.821166501438711e-06
lr,23857,3.813333705693367e-06
lr,23904,3.8054990909586195e-06
lr,23952,3.797662884608144e-06
lr,24000,3.7898250866419403e-06
lr,24047,3.781985924433684e-06
lr,24095,3.774145397983375e-06
lr,24142,3.766303279917338e-06
lr,24190,3.7584600249829236e-06
lr,24238,3.750615633180132e-06
lr,24285,3.7427701045089634e-06
lr,24333,3.734923666343093e-06
lr,24380,3.727076091308845e-06
lr,24428,3.7192276067798957e-06
lr,24476,3.7113782127562445e-06
lr,24523,3.703528136611567e-06
lr,24571,3.695677378345863e-06
lr,24619,3.6878259379591327e-06
lr,24666,3.679973815451376e-06
lr,24714,3.672121465569944e-06
lr,24761,3.6642684335674858e-06
lr,24809,3.656415174191352e-06
lr,24857,3.6485616874415427e-06
lr,24904,3.640707973318058e-06
lr,24952,3.632854031820898e-06
lr,25000,3.625000090323738e-06
lr,25047,3.6171459214529023e-06
lr,25095,3.6092922073294176e-06
lr,25142,3.6014382658322575e-06
lr,25190,3.5935847790824482e-06
lr,25238,3.5857315197063144e-06
lr,25285,3.5778787150775315e-06
lr,25333,3.570026137822424e-06
lr,25380,3.562174242688343e-06
lr,25428,3.5543228023016127e-06
lr,25476,3.5464718166622333e-06
lr,25523,3.5386217405175557e-06
lr,25571,3.53077257386758e-06
lr,25619,3.5229240893386304e-06
lr,25666,3.5150765143043827e-06
lr,25714,3.5072298487648368e-06
lr,25761,3.499384320093668e-06
lr,25809,3.4915399282908766e-06
lr,25857,3.4836966733564623e-06
lr,25904,3.4758547826641006e-06
lr,25952,3.4680140288401162e-06
lr,26000,3.46017486663186e-06
lr,26047,3.4523370686656563e-06
lr,26095,3.4445008623151807e-06
lr,26142,3.4366664749541087e-06
lr,26190,3.4288334518350894e-06
lr,26238,3.421002475079149e-06
lr,26285,3.4131730899389368e-06
lr,26333,3.4053457511618035e-06
lr,26380,3.3975202313740738e-06
lr,26428,3.389696757949423e-06
lr,26476,3.3818755582615267e-06
lr,26523,3.3740564049367094e-06
lr,26571,3.3662395253486466e-06
lr,26619,3.358424919497338e-06
lr,26666,3.3506128147564596e-06
lr,26714,3.3428029837523354e-06
lr,26761,3.3349958812323166e-06
lr,26809,3.3271912798227277e-06
lr,26857,3.319389406897244e-06
lr,26904,3.3115902624558657e-06
lr,26952,3.3037938464985928e-06
lr,27000,3.296000159025425e-06
lr,27047,3.2882096547837136e-06
lr,27095,3.280422106399783e-06
lr,27142,3.2726377412473084e-06
lr,27190,3.2648563319526147e-06
lr,27238,3.2570783332630526e-06
lr,27285,3.2493035178049468e-06
lr,27333,3.2415321129519725e-06
lr,27380,3.23376411870413e-06
lr,27428,3.225999535061419e-06
lr,27476,3.218238589397515e-06
lr,27523,3.2104812817124184e-06
lr,27571,3.202727839379804e-06
lr,27619,3.194978035025997e-06
lr,27666,3.1872320960246725e-06
lr,27714,3.1794900223758304e-06
lr,27761,3.1717520414531464e-06
lr,27809,3.164017925882945e-06
lr,27857,3.1562881304125767e-06
lr,27904,3.1485624276683666e-06
lr,27952,3.14084104502399e-06
lr,28000,3.1331239824794466e-06
lr,28047,3.125411467408412e-06
lr,28095,3.117703272437211e-06
lr,28142,3.109999624939519e-06
lr,28190,3.1023005249153357e-06
lr,28238,3.0946061997383367e-06
lr,28285,3.086916649408522e-06
lr,28333,3.0792318739258917e-06
lr,28380,3.0715518732904457e-06
lr,28428,3.0638768748758594e-06
lr,28476,3.0562071060558083e-06
lr,28523,3.0485421120829415e-06
lr,28571,3.0408825750782853e-06
lr,28619,3.033228040294489e-06
lr,28666,3.025578962478903e-06
lr,28714,3.0179351142578525e-06
lr,28761,3.010296950378688e-06
lr,28809,3.0026640160940588e-06
lr,28857,2.9950367661513155e-06
lr,28904,2.9874152005504584e-06
lr,28952,2.979799091917812e-06
lr,29000,2.9721891223744024e-06
lr,29047,2.964584837172879e-06
lr,29095,2.956986463686917e-06
lr,29142,2.9493940019165166e-06
lr,29190,2.941807679235353e-06
lr,29238,2.9342272682697512e-06
lr,29285,2.9266532237670617e-06
lr,29333,2.9190855457272846e-06
lr,29380,2.9115240067767445e-06
lr,29428,2.9039688342891168e-06
lr,29476,2.896420255638077e-06
lr,29523,2.8888780434499495e-06
lr,29571,2.8813426524720853e-06
lr,29619,2.8738136279571336e-06
lr,29666,2.866291424652445e-06
lr,29714,2.8587762699316954e-06
lr,29761,2.8512677090475336e-06
lr,29809,2.8437661967473105e-06
lr,29857,2.8362715056573506e-06
lr,29904,2.828784090525005e-06
lr,29952,2.8213034966029227e-06
lr,30000,2.81383040601213e-06
lr,30047,2.806364364005276e-06
lr,30095,2.7989058253297117e-06
lr,30142,2.7914545626117615e-06
lr,30190,2.784010803225101e-06
lr,30238,2.77657454716973e-06
lr,30285,2.7691460218193242e-06
lr,30333,2.761724999800208e-06
lr,30380,2.754311708486057e-06
lr,30428,2.7469063752505463e-06
lr,30476,2.7395087727200007e-06
lr,30523,2.7321191282680957e-06
lr,30571,2.724737441894831e-06
lr,30619,2.7173639409738826e-06
lr,30666,2.7099983981315745e-06
lr,30714,2.7026410407415824e-06
lr,30761,2.6952920961775817e-06
lr,30809,2.687951337065897e-06
lr,30857,2.6806189907802036e-06
lr,30904,2.6732950573205017e-06
lr,30952,2.6659797640604666e-06
lr,31000,2.6586731110000983e-06
lr,31047,2.6513748707657214e-06
lr,31095,2.644085498104687e-06
lr,31142,2.6368049930169946e-06
lr,31190,2.629533128128969e-06
lr,31238,2.6222703581879614e-06
lr,31285,2.615016455820296e-06
lr,31333,2.6077716483996483e-06
lr,31380,2.6005359359260183e-06
lr,31428,2.593309318399406e-06
lr,31476,2.586092023193487e-06
lr,31523,2.578884050308261e-06
lr,31571,2.571685172370053e-06
lr,31619,2.5644960714998888e-06
lr,31666,2.557316292950418e-06
lr,31714,2.5501460640953155e-06
lr,31761,2.5429856123082573e-06
lr,31809,2.5358347102155676e-06
lr,31857,2.528693585190922e-06
lr,31904,2.5215622372343205e-06
lr,31952,2.5144408937194385e-06
lr,32000,2.5073293272726005e-06
lr,32047,2.500227765267482e-06
lr,32095,2.4931364350777585e-06
lr,32142,2.4860551093297545e-06
lr,32190,2.4789840153971454e-06
lr,32238,2.4719233806536067e-06
lr,32285,2.4648727503517875e-06
lr,32333,2.4578325792390388e-06
lr,32380,2.4508030946890358e-06
lr,32428,2.4437838419544278e-06
lr,32476,2.4367752757825656e-06
lr,32523,2.4297773961734492e-06
lr,32571,2.4227899757534033e-06
lr,32619,2.4158134692697786e-06
lr,32666,2.408847876722575e-06
lr,32714,2.401893198111793e-06
lr,32761,2.3949492060637567e-06
lr,32809,2.3880165826994926e-06
lr,32857,2.3810948732716497e-06
lr,32904,2.374184077780228e-06
lr,32952,2.3672846509725787e-06
lr,33000,2.3603965928487014e-06
lr,33047,2.353519676034921e-06
lr,33095,2.346654355278588e-06
lr,33142,2.339800403206027e-06
lr,33190,2.3329578198172385e-06
lr,33238,2.3261268324858975e-06
lr,33285,2.3193076685856795e-06
lr,33333,2.312500100742909e-06
lr,33380,2.3057041289575864e-06
lr,33428,2.2989199806033866e-06
lr,33476,2.2921478830539854e-06
lr,33523,2.2853876089357072e-06
lr,33571,2.2786393856222276e-06
lr,33619,2.2719032131135464e-06
lr,33666,2.2651790914096637e-06
lr,33714,2.258467247884255e-06
lr,33761,2.2517674551636446e-06
lr,33809,2.2450801679951837e-06
lr,33857,2.2384051590051968e-06
lr,33904,2.2317424281936837e-06
lr,33952,2.22509220293432e-06
lr,34000,2.2184547106007813e-06
lr,34047,2.211829723819392e-06
lr,34095,2.2052172425901517e-06
lr,34142,2.1986174942867365e-06
lr,34190,2.1920307062828215e-06
lr,34238,2.1854566512047313e-06
lr,34285,2.178895329052466e-06
lr,34333,2.1723471945733763e-06
lr,34380,2.165812020393787e-06
lr,34428,2.159289806513698e-06
lr,34476,2.1527807803067844e-06
lr,34523,2.1462849417730467e-06
lr,34571,2.1398022909124848e-06
lr,34619,2.1333328277250985e-06
lr,34666,2.1268767795845633e-06
lr,34714,2.120434373864555e-06
lr,34761,2.114005155817722e-06
lr,34809,2.1075895801914157e-06
lr,34857,2.101187646985636e-06
lr,34904,2.094799356200383e-06
lr,34952,2.0884247078356566e-06
lr,35000,2.0820637018914567e-06
lr,35047,2.075716565741459e-06
lr,35095,2.069383299385663e-06
lr,35142,2.063064130197745e-06
lr,35190,2.0567588308040285e-06
lr,35238,2.0504676285781898e-06
lr,35285,2.044190296146553e-06
lr,35333,2.037927288256469e-06
lr,35380,2.0316786049079383e-06
lr,35428,2.025444018727285e-06
lr,35476,2.0192237570881844e-06
lr,35523,2.0130178199906368e-06
lr,35571,2.0068264348083176e-06
lr,35619,2.0006493741675513e-06
lr,35666,1.994487092815689e-06
lr,35714,1.9883393633790547e-06
lr,35761,1.982206185857649e-06
lr,35809,1.9760875602514716e-06
lr,35857,1.9699839413078735e-06
lr,35904,1.963895101653179e-06
lr,35952,1.9578210412873887e-06
lr,36000,1.9517619875841774e-06
lr,36047,1.9457179405435454e-06
lr,36095,1.9396889001654927e-06
lr,36142,1.933674866450019e-06
lr,36190,1.9276760667708004e-06
lr,36238,1.9216925011278363e-06
lr,36285,1.9157239421474515e-06
lr,36333,1.9097708445769968e-06
lr,36380,1.9038332084164722e-06
lr,36428,1.8979108062922023e-06
lr,36476,1.8920039792647003e-06
lr,36523,1.8861126136471285e-06
lr,36571,1.8802368231263245e-06
lr,36619,1.8743766077022883e-06
lr,36666,1.8685321947486955e-06
lr,36714,1.8627033568918705e-06
lr,36761,1.8568904351923265e-06
lr,36809,1.8510932022763882e-06
lr,36857,1.8453118855177308e-06
lr,36904,1.8395465986031923e-06
lr,36952,1.8337972278459347e-06
lr,37000,1.8280638869327959e-06
lr,37047,1.8223465758637758e-06
lr,37095,1.81664552201255e-06
lr,37142,1.8109604980054428e-06
lr,37190,1.8052918449029676e-06
lr,37238,1.7996394490182865e-06
lr,37285,1.7940034240382374e-06
lr,37333,1.7883837699628202e-06
lr,37380,1.782780486792035e-06
lr,37428,1.777193801899557e-06
lr,37476,1.7716236015985487e-06
lr,37523,1.7660699995758478e-06
lr,37571,1.7605329958314542e-06
lr,37619,1.7550127040522057e-06
lr,37666,1.74950923792494e-06
lr,37714,1.7440224837628193e-06
lr,37761,1.7385525552526815e-06
lr,37809,1.7330995660813642e-06
lr,37857,1.7276635162488674e-06
lr,37904,1.7222444057551911e-06
lr,37952,1.716842348287173e-06
lr,38000,1.7114573438448133e-06
lr,38047,1.7060895061149495e-06
lr,38095,1.7007388350975816e-06
lr,38142,1.6954054444795474e-06
lr,38190,1.6900892205740092e-06
lr,38238,1.6847903907546424e-06
lr,38285,1.6795088413346093e-06
lr,38333,1.6742447996875853e-06
lr,38380,1.6689982658135705e-06
lr,38428,1.663769126025727e-06
lr,38476,1.6585576076977304e-06
lr,38523,1.6533637108295807e-06
lr,38571,1.6481874354212778e-06
lr,38619,1.6430287814728217e-06
lr,38666,1.637887976357888e-06
lr,38714,1.6327649063896388e-06
lr,38761,1.6276596852549119e-06
lr,38809,1.622572426640545e-06
lr,38857,1.6175030168597004e-06
lr,38904,1.6124515695992159e-06
lr,38952,1.6074180848590913e-06
lr,39000,1.6024027900130022e-06
lr,39047,1.5974054576872732e-06
lr,39095,1.5924264289424173e-06
lr,39142,1.587465476404759e-06
lr,39190,1.5825228274479741e-06
lr,39238,1.5775983683852246e-06
lr,39285,1.572692326590186e-06
lr,39333,1.5678047020628583e-06
lr,39380,1.5629353811164037e-06
lr,39428,1.5580845911244978e-06
lr,39476,1.5532523320871405e-06
lr,39523,1.5484384903174941e-06
lr,39571,1.5436434068760718e-06
lr,39619,1.5388668543891981e-06
lr,39666,1.5341089465437108e-06
lr,39714,1.5293697970264475e-06
lr,39761,1.5246494058374083e-06
lr,39809,1.5199478866634308e-06
lr,39857,1.5152651258176775e-06
lr,39904,1.510601236986986e-06
lr,39952,1.5059563338581938e-06
lr,40000,1.5013304164313013e-06
lr,40047,1.4967234847063082e-06
lr,40095,1.4921355386832147e-06
lr,40142,1.4875668057356961e-06
lr,40190,1.483017058490077e-06
lr,40238,1.4784866380068706e-06
lr,40285,1.4739753169124015e-06
lr,40333,1.469483322580345e-06
lr,40380,1.4650106550107012e-06
lr,40428,1.4605572005166323e-06
lr,40476,1.4561231864718138e-06
lr,40523,1.4517086128762458e-06
lr,40571,1.447313479729928e-06
lr,40619,1.4429379007196985e-06
lr,40666,1.4385817621587194e-06
lr,40714,1.4342451777338283e-06
lr,40761,1.4299282611318631e-06
lr,40809,1.4256310123528237e-06
lr,40857,1.4213534313967102e-06
lr,40904,1.4170955182635225e-06
lr,40952,1.4128575003269361e-06
lr,41000,1.4086391502132756e-06
lr,41047,1.4044406952962163e-06
lr,41095,1.4002621355757583e-06
lr,41142,1.3961034710519016e-06
lr,41190,1.3919648154114839e-06
lr,41238,1.3878461686545052e-06
lr,41285,1.3837474170941277e-06
lr,41333,1.379668788104027e-06
lr,41380,1.375610281684203e-06
lr,41428,1.3715718978346558e-06
lr,41476,1.367553750242223e-06
lr,41523,1.363555725220067e-06
lr,41571,1.3595779364550253e-06
lr,41619,1.3556204976339359e-06
lr,41666,1.3516832950699609e-06
lr,41714,1.3477665561367758e-06
lr,41761,1.343870053460705e-06
lr,41809,1.339994128102262e-06
lr,41857,1.3361385526877712e-06
lr,41904,1.3323034409040702e-06
lr,41952,1.3284889064379968e-06
lr,42000,1.324694949289551e-06
lr,42047,1.3209215694587328e-06
lr,42095,1.31716888063238e-06
lr,42142,1.3134367691236548e-06
lr,42190,1.309725348619395e-06
lr,42238,1.3060346191196004e-06
lr,42285,1.302364694311109e-06
lr,42333,1.2987155741939205e-06
lr,42380,1.295087258768035e-06
lr,42428,1.2914798617202905e-06
lr,42476,1.287893269363849e-06
lr,42523,1.284327709072386e-06
lr,42571,1.280782953472226e-06
lr,42619,1.2772593436238822e-06
lr,42666,1.2737566521536792e-06
lr,42714,1.2702749927484547e-06
lr,42761,1.2668144790950464e-06
lr,42809,1.2633749975066166e-06
lr,42857,1.2599567753568408e-06
lr,42904,1.2565595852720435e-06
lr,42952,1.2531836546259e-06
lr,43000,1.2498289834184106e-06
lr,43047,1.2464955716495751e-06
lr,43095,1.2431834193193936e-06
lr,43142,1.2398926401147037e-06
lr,43190,1.2366231203486677e-06
lr,43238,1.2333750873949612e-06
lr,43285,1.2301484275667462e-06
lr,43333,1.226943140864023e-06
lr,43380,1.2237594546604669e-06
lr,43428,1.2205971415824024e-06
lr,43476,1.217456429003505e-06
lr,43523,1.214337203236937e-06
lr,43571,1.2112395779695362e-06
lr,43619,1.2081635532013024e-06
lr,43666,1.2051092426190735e-06
lr,43714,1.2020765325360117e-06
lr,43761,1.1990655366389547e-06
lr,43809,1.1960762549279025e-06
lr,43857,1.1931086874028551e-06
lr,43904,1.1901628340638126e-06
lr,43952,1.1872389222844504e-06
lr,44000,1.184336724691093e-06
lr,44047,1.181456354970578e-06
lr,44095,1.1785979268097435e-06
lr,44142,1.1757614402085892e-06
lr,44190,1.1729467814802774e-06
lr,44238,1.1701541779984836e-06
lr,44285,1.1673835160763701e-06
lr,44333,1.164634795713937e-06
lr,44380,1.1619081305980217e-06
lr,44428,1.1592035207286244e-06
lr,44476,1.1565209661057452e-06
lr,44523,1.1538605804162216e-06
lr,44571,1.151222249973216e-06
lr,44619,1.1486060884635663e-06
lr,44666,1.1460119822004344e-06
lr,44714,1.143440158557496e-06
lr,44761,1.140890617534751e-06
lr,44809,1.1383632454453618e-06
lr,44857,1.135858155976166e-06
lr,44904,1.1333753491271636e-06
lr,44952,1.1309148248983547e-06
lr,45000,1.128476696976577e-06
lr,45047,1.1260608516749926e-06
lr,45095,1.1236672889936017e-06
lr,45142,1.1212962363060797e-06
lr,45190,1.1189475799255888e-06
lr,45238,1.1166214335389668e-06
lr,45285,1.1143175697725383e-06
lr,45333,1.1120363296868163e-06
lr,45380,1.1097774859081255e-06
lr,45428,1.1075412658101413e-06
lr,45476,1.1053274420191883e-06
lr,45523,1.1031363555957796e-06
lr,45571,1.100967665479402e-06
lr,45619,1.0988217127305688e-06
lr,45666,1.0966982699756045e-06
lr,45714,1.0945974509013467e-06
lr,45761,1.0925193691946333e-06
lr,45809,1.0904639111686265e-06
lr,45857,1.088431190510164e-06
lr,45904,1.0864210935324081e-06
lr,45952,1.0844337339221966e-06
lr,46000,1.082469225366367e-06
lr,46047,1.080527340491244e-06
lr,46095,1.0786083066705032e-06
lr,46142,1.0767121239041444e-06
lr,46190,1.0748386785053299e-06
lr,46238,1.0729880841608974e-06
lr,46285,1.0711602271840093e-06
lr,46333,1.069355334948341e-06
lr,46380,1.0675734074538923e-06
lr,46428,1.065814217326988e-06
lr,46476,1.0640779919413035e-06
lr,46523,1.0623647312968387e-06
lr,46571,1.060674321706756e-06
lr,46619,1.0590069905447308e-06
lr,46666,1.0573625104370876e-06
lr,46714,1.055741108757502e-06
lr,46761,1.054142671819136e-06
lr,46809,1.0525671996219899e-06
lr,46857,1.0510148058529012e-06
lr,46904,1.04948549051187e-06
lr,46952,1.0479791399120586e-06
lr,47000,1.0464959814271424e-06
lr,47047,1.045035787683446e-06
lr,47095,1.0435987860546447e-06
lr,47142,1.042184862853901e-06
lr,47190,1.0407940180812147e-06
lr,47238,1.0394263654234237e-06
lr,47285,1.0380817911936902e-06
lr,47333,1.0367604090788518e-06
lr,47380,1.0354622190789087e-06
lr,47428,1.034187107507023e-06
lr,47476,1.0329353017368703e-06
lr,47523,1.0317066880816128e-06
lr,47571,1.0305012665412505e-06
lr,47619,1.0293190371157834e-06
lr,47666,1.0281601134920493e-06
lr,47714,1.0270243819832103e-06
lr,47761,1.0259119562761043e-06
lr,47809,1.0248228363707312e-06
lr,47857,1.0237569085802534e-06
lr,47904,1.0227142865915084e-06
lr,47952,1.0216949704044964e-06
lr,48000,1.0206989600192173e-06
lr,48047,1.0197262554356712e-06
lr,48095,1.018776856653858e-06
lr,48142,1.0178507636737777e-06
lr,48190,1.016948090182268e-06
lr,48238,1.0160687224924914e-06
lr,48285,1.0152126606044476e-06
lr,48333,1.0143800182049745e-06
lr,48380,1.013570795294072e-06
lr,48428,1.0127848781849025e-06
lr,48476,1.0120223805643036e-06
lr,48523,1.0112831887454377e-06
lr,48571,1.01056753010198e-06
lr,48619,1.0098751772602554e-06
lr,48666,1.0092062439071015e-06
lr,48714,1.0085607300425181e-06
lr,48761,1.0079386356665054e-06
lr,48809,1.0073400744659011e-06
lr,48857,1.0067648190670297e-06
lr,48904,1.0062130968435667e-06
lr,48952,1.0056846804218367e-06
lr,49000,1.005179797175515e-06
lr,49047,1.0046984471046017e-06
lr,49095,1.0042404028354213e-06
lr,49142,1.0038058917416492e-06
lr,49190,1.0033949138232856e-06
lr,49238,1.0030073553934926e-06
lr,49285,1.0026432164522703e-06
lr,49333,1.0023026106864563e-06
lr,49380,1.001985424409213e-06
lr,49428,1.001691771307378e-06
lr,49476,1.0014215376941138e-06
lr,49523,1.0011748372562579e-06
lr,49571,1.0009516699938104e-06
lr,49619,1.0007519222199335e-06
lr,49666,1.000575707621465e-06
lr,49714,1.0004230261984048e-06
lr,49761,1.0002937642639154e-06
lr,49809,1.0001880355048343e-06
lr,49857,1.0001057262343238e-06
lr,49904,1.0000469501392217e-06
lr,49952,1.000011707219528e-06
perf/test_acc1,0,54.25531768798828
perf/test_acc1,1,54.25531768798828
perf/test_acc1,2,54.25531768798828
perf/test_acc1,3,54.25531768798828
perf/test_acc1,4,54.25531768798828
perf/test_acc1,5,53.191490173339844
perf/test_acc1,6,53.191490173339844
perf/test_acc1,7,53.191490173339844
perf/test_acc1,8,52.12765884399414
perf/test_acc1,9,51.0638313293457
perf/test_acc1,10,48.93617248535156
perf/test_acc1,11,45.74468231201172
perf/test_acc1,12,45.74468231201172
perf/test_acc1,13,41.48936080932617
perf/test_acc1,14,39.36170196533203
perf/test_acc1,15,42.553192138671875
perf/test_acc1,16,46.808509826660156
perf/test_acc1,17,43.61702346801758
perf/test_acc1,18,47.87234115600586
perf/test_acc1,19,44.680850982666016
perf/test_acc1,20,47.87234115600586
perf/test_acc1,21,50.0
perf/test_acc1,22,46.808509826660156
perf/test_acc1,23,45.74468231201172
perf/test_acc1,24,45.74468231201172
perf/test_acc1,25,44.680850982666016
perf/test_acc1,26,45.74468231201172
perf/test_acc1,27,45.74468231201172
perf/test_acc1,28,45.74468231201172
perf/test_acc1,29,45.74468231201172
perf/test_acc1,30,44.680850982666016
perf/test_acc1,31,45.74468231201172
perf/test_acc1,32,50.0
perf/test_acc1,33,48.93617248535156
perf/test_acc1,34,48.93617248535156
perf/test_acc1,35,50.0
perf/test_acc1,36,50.0
perf/test_acc1,37,50.0
perf/test_acc1,38,48.93617248535156
perf/test_acc1,39,51.0638313293457
perf/test_acc1,40,51.0638313293457
perf/test_acc1,41,51.0638313293457
perf/test_acc1,42,51.0638313293457
perf/test_acc1,43,51.0638313293457
perf/test_acc1,44,51.0638313293457
perf/test_acc1,45,51.0638313293457
perf/test_acc1,46,51.0638313293457
perf/test_acc1,47,51.0638313293457
perf/test_acc1,48,50.0
perf/test_acc1,49,50.0
perf/test_loss,0,0.692052960395813
perf/test_loss,1,0.6906033754348755
perf/test_loss,2,0.6891167163848877
perf/test_loss,3,0.6887468695640564
perf/test_loss,4,0.6891181468963623
perf/test_loss,5,0.6894059181213379
perf/test_loss,6,0.6902981996536255
perf/test_loss,7,0.692501962184906
perf/test_loss,8,0.6962592601776123
perf/test_loss,9,0.7017204761505127
perf/test_loss,10,0.7140045166015625
perf/test_loss,11,0.7332149744033813
perf/test_loss,12,0.7565656304359436
perf/test_loss,13,0.7852928638458252
perf/test_loss,14,0.8237893581390381
perf/test_loss,15,0.863745391368866
perf/test_loss,16,0.8797343969345093
perf/test_loss,17,0.942020058631897
perf/test_loss,18,0.9367492198944092
perf/test_loss,19,1.0537539720535278
perf/test_loss,20,1.0440951585769653
perf/test_loss,21,1.1422799825668335
perf/test_loss,22,1.177724003791809
perf/test_loss,23,1.1890828609466553
perf/test_loss,24,1.219685673713684
perf/test_loss,25,1.2482928037643433
perf/test_loss,26,1.2675213813781738
perf/test_loss,27,1.2845268249511719
perf/test_loss,28,1.3017712831497192
perf/test_loss,29,1.3161842823028564
perf/test_loss,30,1.3247919082641602
perf/test_loss,31,1.3245428800582886
perf/test_loss,32,1.2888458967208862
perf/test_loss,33,1.3025133609771729
perf/test_loss,34,1.3377881050109863
perf/test_loss,35,1.3559726476669312
perf/test_loss,36,1.3690407276153564
perf/test_loss,37,1.3814990520477295
perf/test_loss,38,1.39226496219635
perf/test_loss,39,1.4020891189575195
perf/test_loss,40,1.4117836952209473
perf/test_loss,41,1.4201663732528687
perf/test_loss,42,1.4281346797943115
perf/test_loss,43,1.4359815120697021
perf/test_loss,44,1.4427647590637207
perf/test_loss,45,1.450168490409851
perf/test_loss,46,1.4555723667144775
perf/test_loss,47,1.4622377157211304
perf/test_loss,48,1.4691933393478394
perf/test_loss,49,1.475379228591919
